snum,dnum,api00,api99,growth,meals,ell,yr_rnd,mobility,acs_k3,acs_46,not_hsg,hsg,some_col,col_grad,grad_sch,avg_ed,full,emer,enroll,mealcat,collcat
906,41,693,600,93,67,9,No,11.0,16.0,22.0,0,0,0,0,0,nan,76,24,247,47-80% free meals,1.0
889,41,570,501,69,92,21,No,33.0,15.0,32.0,0,0,0,0,0,nan,79,19,463,81-100% free meals,1.0
887,41,546,472,74,97,29,No,36.0,17.0,25.0,0,0,0,0,0,nan,68,29,395,81-100% free meals,1.0
876,41,571,487,84,90,27,No,27.0,20.0,30.0,36,45,9,9,0,1.909999966621399,87,11,418,81-100% free meals,1.0
888,41,478,425,53,89,30,No,44.0,18.0,31.0,50,50,0,0,0,1.5,87,13,520,81-100% free meals,1.0
4284,98,858,844,14,10,3,No,10.0,20.0,33.0,1,8,24,36,31,3.890000104904175,100,0,343,0-46% free meals,2.0
4271,98,918,864,54,5,2,No,16.0,19.0,28.0,1,4,18,34,43,4.130000114440918,100,0,303,0-46% free meals,2.0
2910,108,831,791,40,2,3,No,44.0,20.0,31.0,0,4,16,50,30,4.059999942779541,96,2,1513,0-46% free meals,2.0
2899,108,860,838,22,5,6,No,10.0,20.0,30.0,2,9,15,42,33,3.9600000381469727,100,0,660,0-46% free meals,2.0
2887,108,737,703,34,29,15,No,17.0,21.0,29.0,8,25,34,27,7,2.9800000190734863,96,7,362,0-46% free meals,3.0
2911,108,851,808,43,1,2,No,16.0,20.0,30.0,0,3,16,45,37,4.150000095367432,100,2,768,0-46% free meals,2.0
2882,108,536,496,40,71,69,No,8.0,21.0,27.0,61,15,6,10,8,1.899999976158142,100,6,404,47-80% free meals,1.0
2907,108,847,815,32,3,2,No,11.0,20.0,29.0,1,5,17,41,37,4.079999923706055,97,3,586,0-46% free meals,2.0
2908,108,765,711,54,13,8,No,19.0,21.0,27.0,5,34,27,31,3,2.930000066757202,98,2,633,0-46% free meals,3.0
2895,108,809,802,7,7,8,No,16.0,20.0,31.0,5,27,25,37,6,3.119999885559082,89,7,379,0-46% free meals,3.0
2880,108,813,780,33,22,11,No,12.0,21.0,32.0,10,35,23,27,6,2.8399999141693115,100,0,417,0-46% free meals,2.0
2890,108,856,816,40,7,6,No,13.0,21.0,29.0,1,10,15,42,32,3.950000047683716,100,0,670,0-46% free meals,2.0
3948,131,712,677,35,40,12,Yes,19.0,19.0,30.0,14,30,31,19,6,2.7100000381469727,85,12,589,0-46% free meals,3.0
3956,131,805,759,46,10,1,No,26.0,21.0,31.0,2,16,41,29,12,3.309999942779541,93,7,770,0-46% free meals,3.0
3947,131,678,632,46,37,16,Yes,16.0,20.0,32.0,12,27,29,27,6,2.869999885559082,83,15,694,0-46% free meals,3.0
3952,131,619,570,49,57,25,Yes,24.0,19.0,31.0,19,25,29,20,6,2.680000066757202,75,25,611,47-80% free meals,3.0
3954,131,713,704,9,29,14,Yes,14.0,20.0,30.0,11,29,28,26,7,2.880000114440918,80,15,594,0-46% free meals,3.0
3943,131,704,618,86,57,19,Yes,22.0,20.0,30.0,15,32,35,14,5,2.619999885559082,69,29,564,47-80% free meals,3.0
3945,131,523,452,71,69,43,Yes,31.0,19.0,29.0,32,34,18,12,4,2.2200000286102295,71,29,645,47-80% free meals,2.0
4293,135,655,632,23,65,44,No,21.0,20.0,29.0,0,0,0,0,0,nan,100,0,414,47-80% free meals,1.0
4299,135,523,441,82,74,52,Yes,23.0,19.0,28.0,0,0,0,100,0,4.0,87,13,631,47-80% free meals,1.0
4318,135,521,473,48,74,63,No,15.0,19.0,31.0,0,0,0,0,0,nan,94,3,343,47-80% free meals,1.0
4319,135,709,701,8,18,16,No,20.0,17.0,27.0,0,0,0,0,0,nan,96,7,404,0-46% free meals,1.0
4296,135,505,452,53,75,59,No,27.0,19.0,30.0,0,0,0,0,0,nan,94,6,504,47-80% free meals,1.0
4317,135,762,744,18,18,16,No,15.0,20.0,30.0,0,100,0,0,0,2.0,100,0,512,0-46% free meals,1.0
4322,135,722,684,38,11,21,No,20.0,20.0,28.0,0,0,0,0,0,nan,95,5,637,0-46% free meals,1.0
4307,135,603,520,83,71,54,No,19.0,19.0,30.0,50,25,25,0,0,1.75,88,15,594,47-80% free meals,3.0
4302,135,657,579,78,67,36,No,17.0,19.0,30.0,22,44,33,0,0,2.109999895095825,100,0,500,47-80% free meals,3.0
4314,135,705,655,50,46,42,No,32.0,17.0,27.0,0,0,0,100,0,4.0,96,0,320,0-46% free meals,1.0
4292,135,754,748,6,25,25,No,18.0,20.0,27.0,13,40,33,0,13,2.5999999046325684,100,4,309,0-46% free meals,3.0
4304,135,490,431,59,71,54,No,25.0,23.0,30.0,0,0,0,0,0,nan,65,43,748,47-80% free meals,1.0
4308,135,698,680,18,44,18,No,21.0,19.0,29.0,100,0,0,0,0,1.0,100,0,527,0-46% free meals,1.0
600,140,843,805,38,25,6,No,17.0,20.0,32.0,6,35,22,28,9,2.9800000190734863,91,6,465,0-46% free meals,2.0
596,140,800,769,31,56,6,No,41.0,19.0,30.0,9,32,32,21,5,2.819999933242798,94,6,451,47-80% free meals,3.0
611,140,857,857,0,13,4,No,12.0,20.0,32.0,4,11,35,31,19,3.4800000190734863,100,0,432,0-46% free meals,3.0
595,140,713,664,49,63,35,No,15.0,21.0,32.0,40,29,15,12,4,2.0899999141693115,92,8,524,47-80% free meals,2.0
592,140,804,873,-69,38,8,No,33.0,21.0,35.0,10,30,35,20,5,2.7899999618530273,97,3,427,0-46% free meals,3.0
602,140,864,831,33,24,5,No,35.0,21.0,35.0,4,19,33,30,14,3.309999942779541,100,3,562,0-46% free meals,3.0
5222,166,940,917,23,0,2,No,3.0,20.0,31.0,0,0,4,28,67,4.619999885559082,90,0,305,0-46% free meals,1.0
5210,166,792,779,13,9,3,No,19.0,20.0,31.0,2,5,17,38,38,4.050000190734863,84,0,467,0-46% free meals,2.0
5217,166,887,882,5,3,5,No,14.0,21.0,31.0,0,4,7,32,57,4.420000076293945,93,10,520,0-46% free meals,1.0
3644,209,775,726,49,26,13,No,18.0,21.0,33.0,4,10,35,36,16,3.509999990463257,93,7,816,0-46% free meals,3.0
3643,209,822,766,56,16,10,Yes,47.0,21.0,32.0,1,11,29,38,19,3.630000114440918,95,3,830,0-46% free meals,3.0
3624,209,806,745,61,21,6,Yes,25.0,19.0,30.0,5,30,28,21,16,3.119999885559082,90,5,487,0-46% free meals,3.0
3623,209,816,745,71,16,6,No,18.0,19.0,32.0,6,17,27,36,14,3.3499999046325684,100,0,307,0-46% free meals,3.0
3629,209,553,485,68,86,38,Yes,32.0,20.0,32.0,33,28,27,8,4,2.200000047683716,95,5,819,81-100% free meals,3.0
3622,209,686,633,53,75,33,Yes,24.0,21.0,32.0,32,35,16,14,3,2.2100000381469727,98,2,744,47-80% free meals,2.0
4017,238,483,444,39,79,40,Yes,24.0,20.0,28.0,37,27,27,7,3,2.130000114440918,87,13,672,47-80% free meals,3.0
58,248,801,765,36,20,12,No,18.0,19.0,30.0,7,16,25,36,15,3.3499999046325684,89,14,416,0-46% free meals,3.0
70,248,753,694,59,25,19,No,14.0,21.0,29.0,10,22,19,34,16,3.25,85,20,286,0-46% free meals,2.0
65,248,903,889,14,7,8,No,21.0,22.0,30.0,1,9,15,34,41,4.059999942779541,77,23,488,0-46% free meals,2.0
657,253,454,443,11,100,53,Yes,21.0,19.0,29.0,47,33,11,8,0,1.8200000524520874,93,11,656,81-100% free meals,1.0
697,253,440,428,12,100,67,Yes,19.0,19.0,29.0,58,26,12,3,1,1.6399999856948853,88,19,577,81-100% free meals,1.0
646,253,519,491,28,93,33,No,19.0,19.0,29.0,43,27,19,10,1,2.009999990463257,100,5,523,81-100% free meals,2.0
640,253,512,477,35,84,33,Yes,24.0,19.0,29.0,27,35,21,16,2,2.309999942779541,98,10,672,81-100% free meals,2.0
629,253,525,522,3,92,41,Yes,15.0,19.0,30.0,45,34,14,6,1,1.850000023841858,98,2,678,81-100% free meals,1.0
659,253,486,480,6,90,44,Yes,27.0,19.0,30.0,47,32,12,8,2,1.850000023841858,94,15,680,81-100% free meals,1.0
699,253,437,409,28,90,70,Yes,17.0,19.0,29.0,64,20,8,7,0,1.590000033378601,93,15,700,81-100% free meals,1.0
637,253,447,409,38,100,51,No,22.0,20.0,29.0,61,19,15,4,2,1.6699999570846558,100,7,396,81-100% free meals,2.0
663,253,518,499,19,86,22,No,18.0,19.0,29.0,15,36,27,19,2,2.569999933242798,93,13,495,81-100% free meals,3.0
633,253,479,466,13,100,59,Yes,21.0,19.0,30.0,59,26,9,5,1,1.6299999952316284,94,10,929,81-100% free meals,1.0
690,253,424,343,81,100,36,No,20.0,17.0,26.0,46,28,16,10,0,1.909999966621399,87,20,205,81-100% free meals,2.0
2982,259,536,465,71,93,84,No,14.0,21.0,29.0,0,0,0,0,0,nan,92,8,570,81-100% free meals,1.0
3000,259,628,554,74,75,74,No,25.0,20.0,28.0,0,0,50,50,0,3.5,84,16,485,47-80% free meals,3.0
2997,259,627,546,81,71,71,No,15.0,20.0,33.0,39,24,15,20,2,2.2200000286102295,96,4,410,47-80% free meals,2.0
3005,259,596,534,62,65,46,No,20.0,21.0,29.0,40,42,14,3,0,1.809999942779541,100,0,224,47-80% free meals,1.0
2972,259,664,617,47,72,71,No,13.0,19.0,30.0,19,30,26,23,2,2.5799999237060547,91,13,306,47-80% free meals,3.0
3011,259,655,620,35,56,52,No,19.0,21.0,29.0,24,34,32,10,0,2.2699999809265137,96,4,447,47-80% free meals,3.0
2977,259,616,566,50,75,65,No,23.0,21.0,31.0,34,31,15,19,1,2.2200000286102295,93,7,432,47-80% free meals,2.0
3013,259,538,497,41,80,82,No,19.0,21.0,31.0,24,42,22,7,5,2.2699999809265137,91,9,544,47-80% free meals,2.0
3024,259,727,670,57,60,50,No,24.0,21.0,30.0,21,24,17,25,12,2.8299999237060547,100,0,547,47-80% free meals,2.0
3004,259,822,787,35,8,4,No,10.0,19.0,27.0,0,19,19,29,33,3.759999990463257,87,13,313,0-46% free meals,2.0
3010,259,638,569,69,80,71,No,11.0,20.0,31.0,64,30,4,2,0,1.440000057220459,93,7,705,47-80% free meals,1.0
2460,284,581,497,84,70,26,No,14.0,23.0,25.0,22,29,23,21,6,2.5999999046325684,63,32,182,47-80% free meals,2.0
2479,284,784,739,45,23,25,No,21.0,21.0,36.0,5,21,20,44,10,3.319999933242798,58,25,166,0-46% free meals,2.0
2459,284,871,840,31,14,15,No,15.0,21.0,34.0,1,8,13,41,36,4.019999980926514,83,13,404,0-46% free meals,1.0
105,294,567,535,32,62,43,No,20.0,20.0,31.0,19,24,32,21,4,2.6700000762939453,80,25,626,47-80% free meals,3.0
94,294,620,592,28,51,20,No,20.0,19.0,31.0,10,28,40,15,7,2.7899999618530273,88,12,242,47-80% free meals,3.0
93,294,761,726,35,15,3,No,21.0,20.0,29.0,1,14,30,37,19,3.5999999046325684,86,14,267,0-46% free meals,3.0
116,294,513,508,5,82,56,No,16.0,nan,31.0,25,36,26,10,4,2.309999942779541,46,42,558,81-100% free meals,3.0
3236,316,912,900,12,6,7,No,22.0,21.0,30.0,0,0,33,0,67,4.329999923706055,97,6,611,0-46% free meals,3.0
3240,316,883,821,62,7,20,No,35.0,19.0,31.0,0,0,0,100,0,4.0,100,0,440,0-46% free meals,1.0
3241,316,844,834,10,12,14,No,21.0,21.0,26.0,0,0,67,33,0,3.3299999237060547,100,3,381,0-46% free meals,3.0
3256,316,880,841,39,11,7,No,11.0,21.0,31.0,0,50,50,0,0,2.5,90,3,503,0-46% free meals,3.0
3250,316,894,881,13,4,4,No,13.0,20.0,26.0,0,0,0,0,0,nan,97,0,466,0-46% free meals,1.0
3247,316,858,818,40,4,8,No,17.0,20.0,27.0,0,20,0,80,0,3.5999999046325684,95,5,357,0-46% free meals,1.0
3258,316,847,817,30,7,7,No,17.0,20.0,31.0,0,0,0,0,0,nan,100,0,388,0-46% free meals,1.0
1497,395,604,529,75,100,68,Yes,12.0,20.0,35.0,48,33,13,6,1,1.7799999713897705,37,53,591,81-100% free meals,1.0
1478,395,553,466,87,100,70,Yes,11.0,19.0,35.0,62,25,9,3,0,1.5399999618530273,73,17,637,81-100% free meals,1.0
1474,395,657,567,90,64,19,No,25.0,19.0,32.0,23,46,17,14,1,2.240000009536743,90,3,403,47-80% free meals,2.0
1511,395,492,500,-8,89,48,No,42.0,18.0,31.0,32,32,24,10,2,2.190000057220459,44,47,810,81-100% free meals,2.0
1539,395,700,711,-11,80,51,No,11.0,20.0,34.0,26,27,30,13,4,2.440000057220459,83,14,295,47-80% free meals,3.0
1490,395,590,552,38,89,58,Yes,16.0,19.0,33.0,29,39,22,7,2,2.130000114440918,58,29,837,81-100% free meals,2.0
1500,395,777,752,25,37,11,No,15.0,20.0,34.0,4,32,23,31,10,3.109999895095825,84,9,669,0-46% free meals,2.0
1515,395,667,625,42,85,52,Yes,18.0,19.0,34.0,41,36,12,8,3,1.9700000286102295,80,16,621,81-100% free meals,1.0
1512,395,769,752,17,47,20,No,17.0,16.0,25.0,16,11,30,30,13,3.130000114440918,95,5,467,47-80% free meals,3.0
1475,395,650,631,19,78,33,No,21.0,19.0,32.0,19,37,26,11,8,2.5199999809265137,85,15,262,47-80% free meals,3.0
1522,395,561,427,134,100,86,Yes,8.0,20.0,35.0,44,37,14,5,0,1.809999942779541,48,31,795,81-100% free meals,1.0
1472,395,561,537,24,83,28,No,21.0,19.0,34.0,7,39,25,26,3,2.7899999618530273,45,41,750,81-100% free meals,3.0
1516,395,597,543,54,100,71,Yes,15.0,20.0,34.0,55,26,13,5,1,1.7100000381469727,68,32,590,81-100% free meals,1.0
1489,395,568,507,61,84,55,Yes,16.0,20.0,33.0,33,47,14,4,2,1.9600000381469727,78,15,1029,81-100% free meals,1.0
1493,395,637,622,15,78,30,No,28.0,19.0,29.0,24,25,24,22,5,2.5899999141693115,59,23,891,47-80% free meals,2.0
1606,401,588,538,50,61,1,No,20.0,16.0,26.0,0,10,36,48,6,3.490000009536743,73,19,285,47-80% free meals,3.0
1866,401,821,793,28,48,9,No,20.0,18.0,29.0,5,17,15,40,23,3.5799999237060547,82,18,393,47-80% free meals,2.0
1747,401,559,511,48,100,74,No,11.0,17.0,27.0,53,28,12,5,2,1.75,84,8,419,81-100% free meals,1.0
1905,401,693,663,30,50,4,No,11.0,18.0,27.0,13,42,19,21,5,2.640000104904175,81,12,353,47-80% free meals,2.0
1699,401,542,456,86,99,53,No,10.0,19.0,30.0,33,33,20,15,0,2.1600000858306885,67,24,414,81-100% free meals,2.0
2077,401,840,816,24,33,25,No,11.0,20.0,29.0,0,0,0,0,0,nan,100,0,276,0-46% free meals,1.0
1959,401,621,605,16,82,45,No,17.0,18.0,25.0,42,50,8,0,0,1.6699999570846558,86,11,320,81-100% free meals,1.0
1914,401,487,489,-2,91,48,Yes,22.0,18.0,27.0,33,32,22,8,5,2.2100000381469727,72,21,717,81-100% free meals,2.0
1685,401,686,621,65,62,21,No,10.0,16.0,26.0,10,40,28,19,3,2.6600000858306885,85,15,278,47-80% free meals,3.0
1757,401,463,438,25,88,75,Yes,24.0,19.0,27.0,48,32,10,11,1,1.850000023841858,75,20,631,81-100% free meals,1.0
2087,401,476,430,46,90,70,Yes,10.0,18.0,29.0,28,43,14,14,1,2.180000066757202,71,25,852,81-100% free meals,1.0
1946,401,821,767,54,21,4,No,12.0,18.0,29.0,4,25,22,35,14,3.309999942779541,76,12,405,0-46% free meals,2.0
1821,401,412,379,33,100,77,Yes,8.0,19.0,29.0,67,21,8,4,1,1.5,62,28,1264,81-100% free meals,1.0
1881,401,394,382,12,99,42,Yes,22.0,17.0,26.0,29,35,23,11,3,2.2300000190734863,68,24,629,81-100% free meals,2.0
1862,401,815,785,30,24,18,No,15.0,18.0,30.0,10,9,10,32,39,3.809999942779541,100,0,300,0-46% free meals,1.0
1932,401,694,631,63,56,24,No,24.0,18.0,30.0,18,36,16,25,5,2.640000104904175,81,12,361,47-80% free meals,2.0
1919,401,433,425,8,100,74,Yes,15.0,19.0,31.0,49,29,9,5,8,1.9600000381469727,50,36,859,81-100% free meals,1.0
1788,401,560,504,56,72,1,No,26.0,17.0,27.0,3,6,52,27,13,3.390000104904175,73,19,321,47-80% free meals,3.0
1664,401,572,535,37,76,44,No,12.0,18.0,25.0,19,26,24,22,8,2.7300000190734863,90,7,380,47-80% free meals,2.0
1885,401,605,600,5,68,31,No,15.0,17.0,24.0,11,19,15,52,3,3.1600000858306885,81,19,277,47-80% free meals,2.0
1682,401,755,716,39,27,2,No,10.0,16.0,31.0,1,18,34,29,19,3.4800000190734863,84,8,283,0-46% free meals,3.0
1853,401,475,415,60,95,64,No,21.0,20.0,28.0,32,36,18,11,2,2.140000104904175,67,29,307,81-100% free meals,2.0
2082,401,520,476,44,95,53,Yes,27.0,18.0,29.0,43,30,17,7,3,1.9700000286102295,48,42,1036,81-100% free meals,2.0
1806,401,406,367,39,100,75,Yes,15.0,19.0,32.0,0,100,0,0,0,2.0,59,33,699,81-100% free meals,1.0
1997,401,471,416,55,99,46,Yes,15.0,19.0,33.0,36,27,15,13,9,2.309999942779541,64,30,743,81-100% free meals,2.0
1701,401,664,594,70,52,22,No,19.0,16.0,31.0,4,17,28,38,13,3.390000104904175,64,20,371,47-80% free meals,3.0
1926,401,457,399,58,91,74,Yes,31.0,20.0,28.0,45,36,11,8,1,1.840000033378601,66,23,1059,81-100% free meals,1.0
1633,401,584,501,83,97,61,No,15.0,14.0,25.0,52,43,2,3,0,1.559999942779541,86,7,244,81-100% free meals,1.0
1690,401,735,693,42,71,24,No,10.0,18.0,27.0,7,17,17,31,29,3.5799999237060547,80,7,388,47-80% free meals,2.0
1696,401,536,508,28,77,9,No,18.0,19.0,29.0,7,25,28,36,4,3.049999952316284,50,35,528,47-80% free meals,3.0
1775,401,771,708,63,31,11,No,16.0,17.0,28.0,10,26,23,26,14,3.069999933242798,81,15,328,0-46% free meals,2.0
1673,401,483,436,47,100,76,No,12.0,19.0,31.0,31,33,14,16,5,2.299999952316284,59,26,492,81-100% free meals,1.0
1863,401,387,338,49,96,80,Yes,14.0,19.0,28.0,67,21,7,4,1,1.5,53,32,1013,81-100% free meals,1.0
1990,401,650,611,39,75,64,Yes,9.0,20.0,28.0,19,24,13,38,6,2.880000114440918,80,10,848,47-80% free meals,1.0
1752,401,467,442,25,100,70,No,16.0,19.0,28.0,52,32,9,6,1,1.7300000190734863,77,17,621,81-100% free meals,1.0
1782,401,548,512,36,70,59,No,14.0,16.0,34.0,13,31,17,30,9,2.9000000953674316,83,17,336,47-80% free meals,2.0
1995,401,756,717,39,17,4,No,14.0,19.0,31.0,5,48,10,32,6,2.8499999046325684,90,10,455,0-46% free meals,1.0
1638,401,440,403,37,97,54,No,20.0,18.0,30.0,26,27,12,32,1,2.549999952316284,45,39,1149,81-100% free meals,1.0
1815,401,581,548,33,100,63,No,23.0,19.0,24.0,43,35,12,8,2,1.9199999570846558,80,12,290,81-100% free meals,1.0
1709,401,515,487,28,96,66,No,18.0,19.0,27.0,9,21,18,29,24,3.380000114440918,61,21,726,81-100% free meals,2.0
1812,401,917,902,15,6,3,No,8.0,17.0,31.0,1,2,7,37,54,4.409999847412109,95,0,436,0-46% free meals,1.0
1742,401,657,615,42,63,23,No,22.0,16.0,30.0,19,19,29,29,3,2.7699999809265137,63,27,403,47-80% free meals,3.0
1799,401,723,673,50,41,11,Yes,15.0,18.0,31.0,11,34,19,30,7,2.869999885559082,85,9,807,0-46% free meals,2.0
1907,401,506,482,24,79,7,No,24.0,17.0,27.0,46,25,16,12,1,1.9600000381469727,56,38,637,47-80% free meals,2.0
1924,401,569,514,55,76,28,No,13.0,16.0,24.0,14,40,22,22,3,2.5999999046325684,73,27,306,47-80% free meals,2.0
1781,401,466,442,24,94,13,No,16.0,18.0,29.0,8,31,33,25,3,2.8399999141693115,73,29,715,81-100% free meals,3.0
1897,401,660,624,36,55,31,No,14.0,18.0,29.0,12,20,19,31,18,3.2200000286102295,80,15,559,47-80% free meals,2.0
1596,401,536,456,80,95,70,Yes,13.0,20.0,29.0,28,43,19,7,2,2.119999885559082,61,24,514,81-100% free meals,2.0
1868,401,486,422,64,96,75,Yes,16.0,19.0,30.0,79,17,3,2,0,1.2799999713897705,47,53,617,81-100% free meals,1.0
1909,401,453,423,30,98,53,No,13.0,18.0,29.0,19,36,17,25,4,2.569999933242798,61,30,570,81-100% free meals,2.0
1600,401,683,631,52,63,5,No,21.0,17.0,28.0,3,20,22,48,7,3.369999885559082,64,30,428,47-80% free meals,2.0
1894,401,459,426,33,99,69,Yes,8.0,19.0,24.0,46,29,13,7,4,1.940000057220459,77,25,833,81-100% free meals,1.0
1895,401,456,415,41,95,65,Yes,20.0,18.0,29.0,98,1,1,1,0,1.059999942779541,58,28,821,81-100% free meals,1.0
1889,401,612,555,57,83,20,No,19.0,19.0,27.0,2,48,25,15,11,2.8499999046325684,81,6,259,81-100% free meals,3.0
1741,401,387,365,22,99,75,Yes,21.0,18.0,28.0,23,41,13,16,7,2.430000066757202,66,28,761,81-100% free meals,1.0
1769,401,420,407,13,98,91,Yes,31.0,19.0,30.0,49,35,10,6,1,1.75,67,23,1529,81-100% free meals,1.0
1941,401,495,451,44,96,41,Yes,21.0,18.0,29.0,0,100,0,0,0,2.0,57,30,1127,81-100% free meals,1.0
1744,401,552,491,61,97,86,Yes,10.0,19.0,28.0,32,30,21,16,2,2.259999990463257,69,27,1009,81-100% free meals,2.0
1680,401,744,737,7,31,2,No,22.0,16.0,29.0,1,6,21,55,16,3.7799999713897705,81,11,326,0-46% free meals,2.0
1858,401,477,424,53,98,56,No,22.0,19.0,28.0,10,48,10,33,0,2.6700000762939453,42,39,446,81-100% free meals,1.0
2074,401,474,427,47,89,64,No,28.0,19.0,27.0,44,30,18,5,4,1.940000057220459,75,17,450,81-100% free meals,2.0
1949,401,696,636,60,66,22,No,17.0,16.0,29.0,11,44,25,19,2,2.569999933242798,96,11,373,47-80% free meals,3.0
1903,401,592,489,103,100,67,No,8.0,18.0,27.0,42,21,19,16,3,2.180000066757202,80,10,443,81-100% free meals,2.0
1651,401,650,599,51,73,40,No,7.0,19.0,29.0,7,25,16,43,10,3.240000009536743,56,33,722,47-80% free meals,2.0
1723,401,369,354,15,99,83,Yes,16.0,19.0,31.0,74,18,7,1,0,1.340000033378601,60,33,1009,81-100% free meals,1.0
1783,401,437,377,60,99,90,Yes,9.0,19.0,28.0,71,19,5,4,1,1.440000057220459,65,31,943,81-100% free meals,1.0
1634,401,551,505,46,76,59,No,16.0,16.0,28.0,0,50,25,25,0,2.75,67,24,167,47-80% free meals,3.0
2088,401,429,419,10,92,78,Yes,15.0,19.0,26.0,61,23,10,4,3,1.659999966621399,62,26,768,81-100% free meals,1.0
1925,401,435,425,10,98,72,Yes,14.0,18.0,27.0,41,28,17,13,2,2.059999942779541,73,21,965,81-100% free meals,2.0
1851,401,747,735,12,47,14,No,19.0,18.0,24.0,7,29,28,25,10,3.0199999809265137,95,5,239,47-80% free meals,3.0
1616,401,512,480,32,88,27,No,13.0,16.0,22.0,10,24,35,30,2,2.9000000953674316,85,19,297,81-100% free meals,3.0
2092,401,474,423,51,98,65,Yes,14.0,18.0,28.0,32,32,23,6,6,2.2200000286102295,52,33,587,81-100% free meals,2.0
1652,401,850,832,18,12,5,No,5.0,18.0,31.0,3,5,13,38,41,4.079999923706055,94,6,235,0-46% free meals,1.0
1820,401,551,504,47,83,37,Yes,17.0,19.0,28.0,29,37,15,17,3,2.2799999713897705,76,17,651,81-100% free meals,2.0
1791,401,482,441,41,100,67,Yes,35.0,18.0,29.0,42,32,17,9,0,1.9299999475479126,75,21,787,81-100% free meals,2.0
1677,401,534,482,52,100,49,No,22.0,19.0,25.0,43,41,12,3,1,1.7699999809265137,67,21,259,81-100% free meals,1.0
1836,401,506,462,44,87,22,No,22.0,18.0,23.0,22,47,25,5,1,2.130000114440918,72,17,213,81-100% free meals,3.0
1743,401,556,508,48,86,56,No,18.0,18.0,27.0,46,31,2,16,4,2.0199999809265137,81,14,372,81-100% free meals,1.0
1801,401,457,395,62,100,59,Yes,21.0,19.0,27.0,18,52,14,16,0,2.2899999618530273,79,21,333,81-100% free meals,1.0
1678,401,497,440,57,95,66,Yes,18.0,19.0,30.0,45,36,11,8,0,1.8200000524520874,67,33,1112,81-100% free meals,1.0
1731,401,719,684,35,79,48,No,15.0,19.0,32.0,7,19,28,34,13,3.259999990463257,69,23,367,47-80% free meals,3.0
1961,401,582,538,44,89,67,Yes,26.0,19.0,27.0,26,17,16,28,13,2.8399999141693115,68,32,401,81-100% free meals,2.0
1900,401,486,453,33,96,84,Yes,19.0,19.0,26.0,48,27,13,11,1,1.8899999856948853,69,27,739,81-100% free meals,1.0
1740,401,521,452,69,99,64,No,12.0,18.0,29.0,49,25,17,7,1,1.8700000047683716,79,15,484,81-100% free meals,2.0
1977,401,386,358,28,96,65,Yes,23.0,19.0,25.0,40,60,0,0,0,1.600000023841858,46,42,364,81-100% free meals,1.0
1952,401,397,333,64,98,84,Yes,8.0,19.0,27.0,33,0,0,67,0,3.0,54,40,1004,81-100% free meals,1.0
1625,401,631,604,27,65,18,No,23.0,18.0,27.0,13,24,31,25,6,2.859999895095825,82,15,464,47-80% free meals,3.0
1994,401,428,396,32,97,43,Yes,24.0,19.0,30.0,37,30,14,18,1,2.1600000858306885,59,39,922,81-100% free meals,1.0
1978,401,894,860,34,13,1,No,22.0,19.0,26.0,1,21,19,43,15,3.5,93,5,615,0-46% free meals,2.0
1805,401,421,399,22,99,86,Yes,9.0,18.0,29.0,67,0,0,0,33,2.3299999237060547,83,12,1081,81-100% free meals,1.0
1704,401,524,511,13,97,53,Yes,9.0,17.0,26.0,39,29,16,13,2,2.0899999141693115,61,33,338,81-100% free meals,2.0
1597,401,532,506,26,100,74,Yes,7.0,19.0,29.0,42,26,15,15,3,2.130000114440918,75,20,1007,81-100% free meals,2.0
1872,401,674,634,40,72,44,No,7.0,17.0,21.0,58,34,5,2,1,1.5299999713897705,57,36,151,47-80% free meals,1.0
1729,401,589,511,78,82,43,No,20.0,18.0,25.0,43,30,15,10,2,1.9700000286102295,73,18,245,81-100% free meals,2.0
1612,401,437,363,74,97,71,Yes,25.0,19.0,29.0,89,11,0,0,0,1.1100000143051147,51,37,704,81-100% free meals,1.0
1621,401,717,667,50,72,29,No,20.0,18.0,29.0,33,36,12,17,2,2.200000047683716,90,10,236,47-80% free meals,1.0
1763,401,586,539,47,80,50,No,19.0,19.0,27.0,39,41,12,8,1,1.899999976158142,79,24,499,47-80% free meals,1.0
1854,401,470,444,26,98,45,No,17.0,19.0,29.0,28,56,12,3,1,1.940000057220459,50,31,703,81-100% free meals,1.0
1611,401,474,415,59,100,73,Yes,12.0,19.0,31.0,41,35,15,7,1,1.9199999570846558,65,26,738,81-100% free meals,2.0
1778,401,699,660,39,67,35,No,21.0,19.0,27.0,6,12,20,46,16,3.5399999618530273,70,17,665,47-80% free meals,2.0
1615,401,657,625,32,75,6,No,26.0,18.0,26.0,4,23,25,36,12,3.2899999618530273,81,22,508,47-80% free meals,3.0
1795,401,759,725,34,33,18,No,19.0,14.0,29.0,2,39,18,34,7,3.049999952316284,94,13,355,0-46% free meals,2.0
2080,401,493,484,9,82,67,Yes,20.0,19.0,28.0,37,33,14,13,2,2.0899999141693115,65,29,1570,81-100% free meals,1.0
1671,401,853,812,41,37,16,No,15.0,18.0,34.0,2,6,11,29,53,4.25,92,8,311,0-46% free meals,1.0
416,473,866,836,30,1,1,No,11.0,22.0,33.0,0,2,18,51,30,4.070000171661377,100,3,517,0-46% free meals,2.0
425,473,657,593,64,45,11,No,16.0,21.0,31.0,10,24,40,19,7,2.9000000953674316,100,3,510,0-46% free meals,3.0
419,473,850,808,42,12,5,No,13.0,21.0,33.0,5,7,27,40,22,3.680000066757202,100,3,422,0-46% free meals,3.0
402,473,893,845,48,7,4,No,16.0,20.0,30.0,0,3,14,39,43,4.21999979019165,93,4,382,0-46% free meals,1.0
430,473,745,663,82,17,3,No,17.0,20.0,33.0,4,26,42,23,5,3.0,89,11,240,0-46% free meals,3.0
406,473,719,670,49,31,6,No,17.0,21.0,30.0,6,25,34,26,8,3.049999952316284,100,0,384,0-46% free meals,3.0
412,473,783,725,58,46,5,No,21.0,20.0,29.0,7,35,38,15,5,2.7699999809265137,100,4,333,0-46% free meals,3.0
413,473,615,523,92,75,36,No,17.0,22.0,29.0,0,0,0,0,0,nan,91,15,419,47-80% free meals,1.0
3070,491,479,443,36,91,82,No,14.0,20.0,28.0,55,21,16,6,2,1.7899999618530273,94,6,396,81-100% free meals,2.0
3072,491,763,769,-6,15,19,No,18.0,19.0,nan,7,18,36,27,11,3.1700000762939453,100,0,187,0-46% free meals,3.0
3060,491,669,670,-1,48,40,No,19.0,18.0,28.0,20,17,33,20,10,2.8299999237060547,91,13,235,47-80% free meals,3.0
3051,491,892,882,10,3,1,No,20.0,19.0,30.0,0,4,10,38,48,4.289999961853027,100,0,523,0-46% free meals,1.0
3055,491,590,587,3,66,52,No,10.0,19.0,nan,30,23,26,15,6,2.4600000381469727,87,13,198,47-80% free meals,3.0
194,507,514,527,-13,76,48,No,16.0,19.0,30.0,31,44,16,8,1,2.0299999713897705,76,2,602,47-80% free meals,2.0
211,507,386,360,26,75,48,Yes,14.0,20.0,29.0,34,42,21,4,0,1.940000057220459,57,22,413,47-80% free meals,2.0
182,507,411,413,-2,81,45,No,22.0,19.0,28.0,12,57,22,8,1,2.299999952316284,64,29,494,81-100% free meals,2.0
167,507,774,757,17,69,51,No,7.0,19.0,26.0,19,30,24,20,8,2.6700000762939453,95,0,255,47-80% free meals,2.0
203,507,844,827,17,11,2,No,6.0,19.0,29.0,4,25,24,31,16,3.2899999618530273,100,0,179,0-46% free meals,2.0
187,507,498,480,18,77,30,No,19.0,20.0,30.0,31,32,31,5,1,2.130000114440918,78,11,322,47-80% free meals,3.0
201,507,624,558,66,59,16,No,13.0,18.0,29.0,20,31,31,12,5,2.5,100,0,191,47-80% free meals,3.0
210,507,432,430,2,90,29,No,17.0,19.0,29.0,11,32,19,35,4,2.880000114440918,58,25,595,81-100% free meals,2.0
184,507,435,445,-10,87,70,Yes,4.0,19.0,30.0,51,24,17,5,3,1.850000023841858,69,15,643,81-100% free meals,2.0
165,507,449,434,15,71,21,No,19.0,20.0,31.0,30,55,9,6,0,1.9199999570846558,45,31,367,47-80% free meals,1.0
181,507,724,714,10,15,3,No,18.0,21.0,29.0,2,15,32,34,18,3.509999990463257,93,7,196,0-46% free meals,3.0
198,507,894,859,35,9,2,No,7.0,20.0,30.0,0,13,17,34,36,3.9200000762939453,95,5,213,0-46% free meals,2.0
2240,541,599,541,58,76,12,No,20.0,19.0,24.0,0,0,0,0,0,nan,61,44,198,47-80% free meals,1.0
2247,541,508,486,22,77,43,No,16.0,20.0,28.0,0,0,0,0,0,nan,44,48,333,47-80% free meals,1.0
2267,570,897,888,9,11,1,No,13.0,22.0,31.0,1,28,23,39,8,3.25,75,25,547,0-46% free meals,2.0
2278,570,457,404,53,93,62,Yes,16.0,21.0,30.0,47,32,16,3,1,1.7899999618530273,53,44,684,81-100% free meals,2.0
2282,570,582,553,29,64,25,No,20.0,21.0,31.0,19,30,28,17,6,2.609999895095825,86,14,312,47-80% free meals,3.0
4448,575,903,884,19,2,12,No,7.0,20.0,28.0,1,2,10,40,47,4.320000171661377,100,0,696,0-46% free meals,1.0
4435,575,863,839,24,5,10,No,12.0,18.0,33.0,0,4,16,40,40,4.159999847412109,100,7,393,0-46% free meals,2.0
4449,575,844,848,-4,3,13,No,15.0,19.0,28.0,0,3,21,41,34,4.050000190734863,100,0,462,0-46% free meals,2.0
4431,575,858,826,32,6,5,No,21.0,20.0,29.0,0,6,24,38,31,3.940000057220459,100,2,672,0-46% free meals,2.0
4427,575,802,784,18,21,11,No,11.0,18.0,32.0,8,9,35,29,20,3.430000066757202,100,0,541,0-46% free meals,3.0
4443,575,875,848,27,4,9,No,9.0,19.0,29.0,0,2,16,43,38,4.170000076293945,100,0,606,0-46% free meals,2.0
3698,600,720,643,77,55,9,No,19.0,18.0,26.0,10,68,18,5,0,2.1700000762939453,100,4,332,47-80% free meals,2.0
3696,600,483,450,33,89,43,No,38.0,19.0,27.0,46,44,8,3,0,1.690000057220459,100,0,334,81-100% free meals,1.0
3715,600,696,636,60,50,11,No,23.0,19.0,30.0,6,64,23,6,0,2.319999933242798,100,0,495,47-80% free meals,2.0
3697,600,690,653,37,65,5,No,26.0,21.0,25.0,2,90,7,1,0,2.069999933242798,100,0,319,47-80% free meals,1.0
3700,600,717,665,52,77,11,No,29.0,19.0,27.0,28,42,24,6,0,2.0799999237060547,100,0,351,47-80% free meals,2.0
3701,600,687,617,70,62,18,No,19.0,21.0,26.0,5,65,25,4,1,2.299999952316284,100,0,318,47-80% free meals,3.0
3518,605,623,564,59,60,23,No,16.0,19.0,27.0,25,31,28,14,3,2.4000000953674316,94,16,384,47-80% free meals,3.0
3511,605,688,662,26,40,10,No,23.0,20.0,28.0,15,18,38,17,13,2.9600000381469727,92,11,554,0-46% free meals,3.0
3520,605,643,575,68,63,29,Yes,19.0,19.0,27.0,24,20,28,10,17,2.759999990463257,87,23,573,47-80% free meals,3.0
3516,605,574,519,55,65,21,No,24.0,20.0,29.0,24,26,36,10,4,2.440000057220459,84,16,243,47-80% free meals,3.0
3525,605,632,568,64,51,18,Yes,19.0,19.0,31.0,21,27,33,12,7,2.569999933242798,91,15,555,47-80% free meals,3.0
3537,605,694,678,16,12,4,Yes,15.0,19.0,29.0,3,12,41,27,17,3.4100000858306885,89,16,617,0-46% free meals,3.0
3519,605,532,525,7,62,36,No,19.0,19.0,34.0,39,29,22,6,3,2.059999942779541,87,23,541,47-80% free meals,2.0
3523,605,657,618,39,48,14,No,23.0,20.0,32.0,14,33,42,7,4,2.5399999618530273,89,17,515,47-80% free meals,3.0
3535,605,705,673,32,20,6,No,15.0,19.0,30.0,7,19,38,18,19,3.240000009536743,96,11,490,0-46% free meals,3.0
3765,620,758,701,57,45,10,No,21.0,22.0,34.0,0,46,25,23,5,2.869999885559082,94,12,207,0-46% free meals,3.0
3736,620,556,542,14,61,46,No,39.0,22.0,25.0,22,26,30,20,3,2.569999933242798,96,15,657,47-80% free meals,3.0
3785,620,459,439,20,98,52,No,36.0,19.0,27.0,31,29,22,17,1,2.2799999713897705,100,17,645,81-100% free meals,2.0
3741,620,573,516,57,100,51,No,31.0,20.0,32.0,37,31,15,16,2,2.140000104904175,100,6,434,81-100% free meals,2.0
3757,620,707,667,40,57,11,No,22.0,21.0,31.0,4,15,46,23,12,3.2300000190734863,100,11,309,47-80% free meals,3.0
3751,620,592,533,59,100,22,No,35.0,20.0,30.0,0,85,11,2,2,2.2200000286102295,100,13,222,81-100% free meals,1.0
3791,620,724,674,50,49,20,No,24.0,19.0,35.0,0,22,33,36,9,3.3299999237060547,100,11,401,47-80% free meals,3.0
3772,620,829,824,5,22,7,No,14.0,19.0,33.0,10,26,21,30,13,3.0899999141693115,100,0,329,0-46% free meals,2.0
3758,620,690,642,48,98,51,No,10.0,20.0,28.0,28,25,28,15,4,2.4000000953674316,100,5,230,81-100% free meals,3.0
3794,620,610,540,70,100,47,No,31.0,20.0,23.0,75,15,0,0,10,1.5499999523162842,100,18,170,81-100% free meals,1.0
3793,620,528,460,68,99,35,No,27.0,18.0,33.0,19,41,30,8,3,2.359999895095825,96,4,358,81-100% free meals,3.0
3759,620,585,556,29,54,11,No,27.0,25.0,37.0,8,31,22,29,10,3.0199999809265137,100,8,133,47-80% free meals,2.0
3784,620,859,801,58,18,1,No,9.0,21.0,33.0,0,7,17,35,42,4.119999885559082,100,0,406,0-46% free meals,2.0
3754,620,732,672,60,63,8,No,37.0,19.0,30.0,16,36,24,22,2,2.5899999141693115,100,9,292,47-80% free meals,2.0
3196,621,799,762,37,21,8,No,12.0,19.0,32.0,15,43,21,16,5,2.5399999618530273,98,3,560,0-46% free meals,2.0
3203,621,845,799,46,14,4,No,12.0,19.0,30.0,6,25,27,35,9,3.1600000858306885,97,6,410,0-46% free meals,3.0
3200,621,854,854,0,6,1,No,13.0,19.0,32.0,4,31,25,36,4,3.0399999618530273,97,0,586,0-46% free meals,3.0
3184,621,790,758,32,26,15,No,17.0,19.0,32.0,16,27,23,29,6,2.819999933242798,95,7,539,0-46% free meals,2.0
3202,621,839,810,29,12,3,No,17.0,17.0,30.0,8,20,24,39,9,3.2300000190734863,100,8,203,0-46% free meals,2.0
3187,621,689,682,7,51,36,No,13.0,19.0,32.0,31,25,16,23,5,2.4700000286102295,90,10,519,47-80% free meals,2.0
3193,621,841,840,1,6,5,No,17.0,19.0,31.0,3,23,24,35,16,3.390000104904175,97,3,510,0-46% free meals,2.0
4132,627,493,471,22,94,41,Yes,33.0,20.0,32.0,53,27,15,4,1,1.7100000381469727,73,29,590,81-100% free meals,2.0
4128,627,643,622,21,82,24,Yes,19.0,20.0,27.0,30,35,22,9,4,2.2300000190734863,85,18,522,81-100% free meals,2.0
4131,627,698,686,12,62,29,Yes,15.0,20.0,32.0,19,33,22,19,7,2.619999885559082,98,0,583,47-80% free meals,2.0
4173,627,486,476,10,95,40,Yes,24.0,20.0,34.0,55,31,12,2,0,1.6100000143051147,87,15,645,81-100% free meals,1.0
4167,627,612,551,61,75,26,No,16.0,20.0,32.0,28,24,34,11,3,2.380000114440918,100,5,277,47-80% free meals,3.0
4140,627,630,550,80,67,21,Yes,21.0,20.0,32.0,25,28,30,12,4,2.4200000762939453,85,13,607,47-80% free meals,3.0
4145,627,525,519,6,78,18,Yes,25.0,20.0,31.0,23,32,30,10,4,2.4000000953674316,86,14,439,47-80% free meals,3.0
4143,627,485,448,37,94,40,Yes,37.0,19.0,32.0,60,23,14,3,1,1.6100000143051147,76,18,583,81-100% free meals,1.0
4136,627,474,437,37,92,34,Yes,28.0,20.0,31.0,48,31,17,3,0,1.7699999809265137,81,19,470,81-100% free meals,2.0
4488,630,521,568,-47,97,77,No,14.0,19.0,nan,61,18,15,4,1,1.6799999475479126,79,4,210,81-100% free meals,2.0
4576,630,801,762,39,32,18,No,14.0,20.0,30.0,7,22,29,33,9,3.1500000953674316,98,0,548,0-46% free meals,3.0
4506,630,709,619,90,59,17,No,20.0,16.0,33.0,10,25,36,20,9,2.940000057220459,100,0,135,47-80% free meals,3.0
4554,630,836,785,51,29,27,No,17.0,19.0,32.0,19,13,8,26,33,3.4100000858306885,100,0,231,0-46% free meals,1.0
4518,630,769,723,46,47,6,No,13.0,19.0,25.0,7,18,36,20,19,3.25,96,4,295,47-80% free meals,3.0
4486,630,706,701,5,62,15,No,13.0,21.0,28.0,12,27,27,29,6,2.9000000953674316,100,2,645,47-80% free meals,3.0
4537,630,655,614,41,78,27,No,16.0,19.0,32.0,21,26,32,16,7,2.619999885559082,100,0,438,47-80% free meals,3.0
4585,630,845,843,2,31,24,No,25.0,19.0,31.0,3,5,11,27,54,4.239999771118164,100,0,469,0-46% free meals,1.0
4573,630,789,747,42,41,27,No,16.0,20.0,30.0,12,26,25,32,5,2.9200000762939453,100,2,575,0-46% free meals,3.0
4534,630,445,421,24,100,70,No,nan,nan,29.0,44,25,15,13,3,2.069999933242798,90,0,512,81-100% free meals,2.0
4581,630,708,691,17,74,2,No,24.0,19.0,30.0,1,55,31,10,4,2.609999895095825,98,2,603,47-80% free meals,3.0
4507,630,751,679,72,71,19,No,20.0,17.0,20.0,10,16,41,16,18,3.1600000858306885,100,0,130,47-80% free meals,3.0
4522,630,461,441,20,100,74,No,22.0,19.0,31.0,55,31,10,3,1,1.649999976158142,85,3,726,81-100% free meals,1.0
4530,630,757,723,34,58,14,No,16.0,18.0,30.0,6,17,36,30,10,3.2100000381469727,98,4,525,47-80% free meals,3.0
4583,630,865,837,28,40,8,No,17.0,19.0,30.0,4,17,27,29,23,3.509999990463257,100,0,344,0-46% free meals,3.0
4485,630,567,524,43,81,45,No,26.0,18.0,25.0,45,31,18,5,1,1.8799999952316284,97,3,400,81-100% free meals,2.0
4558,630,748,684,64,62,21,No,11.0,18.0,29.0,11,20,39,21,9,2.9800000190734863,95,5,253,47-80% free meals,3.0
4480,630,612,528,84,79,34,No,15.0,20.0,31.0,26,31,25,14,4,2.380000114440918,82,7,354,47-80% free meals,3.0
4533,630,500,463,37,95,69,No,24.0,19.0,26.0,45,29,12,8,5,1.9900000095367432,97,0,350,81-100% free meals,1.0
4574,630,740,672,68,54,18,No,14.0,20.0,33.0,10,21,33,28,9,3.049999952316284,100,0,612,47-80% free meals,3.0
4580,630,740,712,28,66,2,No,19.0,19.0,29.0,2,27,44,23,4,3.0,100,0,543,47-80% free meals,3.0
4596,630,883,864,19,4,3,No,9.0,20.0,30.0,1,10,9,52,28,3.9800000190734863,97,3,556,0-46% free meals,1.0
4514,630,799,789,10,38,10,No,14.0,19.0,30.0,5,18,29,26,21,3.4000000953674316,100,0,378,0-46% free meals,3.0
4519,630,887,852,35,19,8,No,10.0,19.0,27.0,3,14,19,33,31,3.740000009536743,100,0,256,0-46% free meals,2.0
4502,630,493,489,4,91,71,No,27.0,19.0,30.0,70,19,8,3,1,1.4600000381469727,87,7,410,81-100% free meals,1.0
4516,630,586,529,57,93,59,No,21.0,20.0,32.0,53,35,8,4,0,1.649999976158142,90,3,763,81-100% free meals,1.0
4511,630,626,626,0,79,36,No,11.0,19.0,33.0,24,29,28,14,6,2.490000009536743,92,8,159,47-80% free meals,3.0
4487,630,528,476,52,91,68,Yes,10.0,18.0,27.0,47,28,14,8,4,1.940000057220459,81,4,459,81-100% free meals,1.0
4528,630,741,700,41,44,18,No,17.0,20.0,33.0,5,21,41,22,11,3.130000114440918,100,2,353,0-46% free meals,3.0
4539,630,620,621,-1,71,23,No,14.0,20.0,31.0,12,33,24,22,9,2.8399999141693115,41,59,216,47-80% free meals,2.0
4547,630,803,751,52,48,18,No,17.0,18.0,29.0,9,22,36,24,8,3.0,100,0,266,47-80% free meals,3.0
4731,632,655,635,20,56,28,No,13.0,18.0,32.0,9,26,34,20,12,3.0199999809265137,82,14,267,47-80% free meals,3.0
4720,632,597,576,21,71,37,No,8.0,17.0,30.0,19,53,17,11,1,2.2100000381469727,81,0,197,47-80% free meals,2.0
4783,632,789,730,59,20,11,No,4.0,19.0,25.0,2,7,17,37,37,3.990000009536743,76,10,237,0-46% free meals,2.0
4737,632,808,812,-4,61,26,No,7.0,21.0,32.0,8,33,23,32,4,2.930000066757202,81,11,329,47-80% free meals,2.0
4736,632,532,450,82,83,39,No,10.0,18.0,28.0,22,39,24,15,0,2.3299999237060547,69,21,335,81-100% free meals,2.0
4714,632,503,504,-1,68,29,No,10.0,18.0,21.0,31,38,17,13,1,2.140000104904175,83,13,206,47-80% free meals,2.0
4781,632,655,638,17,53,12,No,7.0,20.0,23.0,9,74,11,4,1,2.140000104904175,94,0,187,47-80% free meals,1.0
4698,632,781,750,31,28,26,No,9.0,20.0,29.0,7,14,17,38,24,3.5999999046325684,95,5,280,0-46% free meals,2.0
4775,632,808,806,2,14,5,No,3.0,19.0,29.0,1,7,12,35,45,4.150000095367432,87,10,448,0-46% free meals,1.0
4747,632,643,661,-18,72,13,No,12.0,19.0,27.0,9,36,35,16,4,2.680000066757202,94,6,229,47-80% free meals,3.0
4744,632,700,666,34,78,44,No,5.0,20.0,25.0,31,38,15,13,3,2.1700000762939453,78,6,215,47-80% free meals,2.0
4729,632,558,496,62,82,41,No,8.0,19.0,20.0,47,37,7,6,3,1.7999999523162842,90,0,189,81-100% free meals,1.0
4780,632,795,781,14,15,6,No,5.0,19.0,30.0,0,6,14,43,36,4.079999923706055,77,17,404,0-46% free meals,1.0
4774,632,682,641,41,35,22,No,2.0,19.0,27.0,4,9,14,45,28,3.8399999141693115,80,0,222,0-46% free meals,1.0
4777,632,682,675,7,75,6,No,10.0,19.0,25.0,0,36,29,29,7,3.069999933242798,63,26,240,47-80% free meals,3.0
5387,635,892,861,31,2,3,No,13.0,19.0,31.0,0,3,10,46,40,4.230000019073486,78,5,602,0-46% free meals,1.0
5386,635,876,796,80,9,3,No,14.0,19.0,33.0,2,5,13,54,27,3.990000009536743,96,0,387,0-46% free meals,1.0
5370,635,790,753,37,17,10,No,17.0,18.0,28.0,5,17,28,38,11,3.3299999237060547,96,4,350,0-46% free meals,3.0
5366,635,558,508,50,57,47,No,22.0,17.0,30.0,41,30,18,9,2,2.0199999809265137,100,0,327,47-80% free meals,2.0
5358,635,575,578,-3,56,50,No,19.0,18.0,30.0,32,24,24,14,5,2.369999885559082,92,0,257,47-80% free meals,2.0
5388,635,686,658,28,28,23,No,13.0,18.0,31.0,6,15,33,27,18,3.359999895095825,95,5,281,0-46% free meals,3.0
5371,635,710,684,26,37,23,No,18.0,20.0,27.0,16,18,28,17,21,3.0899999141693115,71,8,344,0-46% free meals,3.0
5362,635,487,454,33,62,47,No,21.0,18.0,27.0,28,44,14,13,1,2.140000104904175,86,9,310,47-80% free meals,1.0
3867,636,762,739,23,23,1,No,8.0,20.0,42.0,1,17,38,36,8,3.319999933242798,100,0,337,0-46% free meals,3.0
3848,636,801,794,7,27,1,No,19.0,20.0,45.0,1,24,33,30,11,3.259999990463257,95,5,317,0-46% free meals,3.0
3834,636,640,622,18,69,42,No,22.0,19.0,43.0,8,30,34,24,4,2.869999885559082,95,5,297,47-80% free meals,3.0
3833,636,601,499,102,100,24,No,31.0,20.0,33.0,30,31,25,13,1,2.259999990463257,85,10,269,81-100% free meals,3.0
3828,636,624,596,28,78,12,No,36.0,20.0,44.0,16,28,39,12,4,2.5999999046325684,86,10,290,47-80% free meals,3.0
3839,636,863,848,15,14,1,No,18.0,20.0,46.0,0,9,24,39,28,3.8499999046325684,100,0,355,0-46% free meals,2.0
3843,636,709,690,19,52,3,No,24.0,20.0,31.0,7,34,37,18,4,2.7699999809265137,100,0,339,47-80% free meals,3.0
3854,636,883,851,32,20,1,No,24.0,21.0,40.0,1,14,28,35,22,3.640000104904175,96,4,394,0-46% free meals,3.0
3845,636,763,748,15,40,2,No,24.0,17.0,41.0,11,24,33,22,11,2.9800000190734863,80,15,300,0-46% free meals,3.0
3850,636,727,655,72,40,1,No,29.0,18.0,39.0,10,35,25,23,8,2.8499999046325684,100,0,146,0-46% free meals,3.0
3864,636,568,527,41,78,30,No,36.0,20.0,49.0,17,38,35,9,2,2.4000000953674316,75,10,321,47-80% free meals,3.0
3853,636,743,726,17,48,2,No,27.0,20.0,42.0,6,28,38,21,7,2.950000047683716,92,8,367,47-80% free meals,3.0
3869,636,724,686,38,48,25,No,19.0,20.0,42.0,10,26,33,27,4,2.9000000953674316,90,7,457,47-80% free meals,3.0
3826,636,831,842,-11,11,2,No,9.0,20.0,46.0,1,6,27,48,18,3.75,88,8,318,0-46% free meals,3.0
3824,636,876,850,26,23,1,No,21.0,23.0,34.0,3,11,28,29,30,3.7100000381469727,95,0,399,0-46% free meals,3.0
3835,636,556,537,19,100,28,No,32.0,20.0,50.0,33,26,25,13,3,2.2699999809265137,79,15,410,81-100% free meals,3.0
3865,636,847,837,10,9,0,No,8.0,20.0,35.0,1,15,25,38,21,3.619999885559082,95,5,312,0-46% free meals,3.0
3822,636,622,588,34,76,6,No,38.0,20.0,35.0,7,59,29,6,0,2.3399999141693115,95,5,222,47-80% free meals,3.0
3129,653,531,502,29,82,74,Yes,13.0,22.0,28.0,43,37,16,3,1,1.7999999523162842,83,17,602,81-100% free meals,2.0
3128,653,521,502,19,90,74,Yes,12.0,21.0,28.0,54,28,14,3,1,1.7000000476837158,75,24,779,81-100% free meals,1.0
3127,653,473,437,36,95,86,Yes,15.0,21.0,30.0,83,8,8,0,0,1.25,71,29,590,81-100% free meals,1.0
3121,653,529,502,27,88,75,Yes,13.0,19.0,29.0,46,33,15,4,3,1.8600000143051147,83,17,611,81-100% free meals,2.0
3145,653,806,815,-9,32,14,No,20.0,21.0,30.0,10,24,43,14,9,2.880000114440918,91,9,695,0-46% free meals,3.0
3133,653,744,677,67,58,35,No,13.0,20.0,31.0,22,26,32,10,10,2.5999999046325684,88,12,688,47-80% free meals,3.0
3151,653,444,413,31,91,88,Yes,14.0,21.0,27.0,58,30,10,1,0,1.559999942779541,70,30,593,81-100% free meals,1.0
6068,689,714,672,42,45,21,No,13.0,18.0,28.0,50,50,0,0,0,1.5,96,0,368,0-46% free meals,1.0
6072,689,865,843,22,5,0,No,4.0,20.0,30.0,0,0,0,0,0,nan,100,0,451,0-46% free meals,1.0
6057,689,641,616,25,45,17,No,13.0,20.0,32.0,50,0,0,50,0,2.5,100,0,657,0-46% free meals,1.0
6065,689,772,745,27,11,2,No,16.0,18.0,28.0,0,0,0,0,0,nan,96,0,374,0-46% free meals,1.0
6062,689,750,730,20,21,4,No,15.0,19.0,31.0,0,0,0,0,0,nan,100,0,397,0-46% free meals,1.0
6060,689,738,708,30,18,2,No,13.0,19.0,30.0,0,0,0,100,0,4.0,97,3,392,0-46% free meals,1.0
4879,716,529,482,47,83,28,No,16.0,18.0,23.0,31,23,29,14,4,2.369999885559082,80,13,352,81-100% free meals,3.0
4871,716,554,513,41,84,24,No,23.0,19.0,26.0,75,9,10,5,1,1.4700000286102295,83,12,535,81-100% free meals,1.0
4875,716,504,451,53,90,46,Yes,19.0,20.0,26.0,33,17,20,20,10,2.569999933242798,83,17,657,81-100% free meals,2.0
4859,716,592,556,36,80,33,No,22.0,18.0,27.0,22,31,29,16,2,2.450000047683716,92,8,532,47-80% free meals,3.0
4877,716,627,582,45,86,35,Yes,16.0,20.0,25.0,41,26,22,8,2,2.0299999713897705,80,9,612,81-100% free meals,2.0
4880,716,625,578,47,59,8,Yes,19.0,19.0,28.0,18,44,25,13,1,2.359999895095825,93,5,559,47-80% free meals,3.0
4881,716,436,415,21,100,49,No,19.0,19.0,24.0,40,20,13,28,0,2.2799999713897705,80,17,363,81-100% free meals,1.0
4876,716,487,443,44,86,26,No,26.0,18.0,21.0,50,0,0,50,0,2.5,80,8,300,81-100% free meals,1.0
4868,716,610,520,90,84,34,No,27.0,20.0,27.0,27,39,15,18,1,2.2699999809265137,82,12,331,81-100% free meals,2.0
4862,716,516,433,83,100,35,Yes,33.0,18.0,25.0,32,26,25,13,4,2.309999942779541,72,21,704,81-100% free meals,3.0
4878,716,465,440,25,90,27,No,21.0,21.0,26.0,13,25,40,17,4,2.7300000190734863,74,15,466,81-100% free meals,3.0
5920,779,654,581,73,48,15,No,16.0,18.0,31.0,21,35,21,19,4,2.5,100,0,364,47-80% free meals,2.0
5917,779,735,672,63,42,4,No,16.0,19.0,29.0,8,42,24,20,7,2.75,100,0,360,0-46% free meals,2.0
5927,779,576,518,58,68,26,Yes,21.0,19.0,29.0,36,37,16,9,2,2.0299999713897705,96,4,657,47-80% free meals,2.0
5926,779,469,483,-14,91,54,No,17.0,18.0,28.0,52,36,6,6,0,1.659999966621399,100,3,391,81-100% free meals,1.0
5933,779,515,468,47,91,28,No,32.0,17.0,26.0,40,45,11,4,0,1.7899999618530273,88,12,218,81-100% free meals,1.0
469,796,543,527,16,82,25,No,23.0,20.0,27.0,27,46,16,9,1,2.119999885559082,80,6,400,81-100% free meals,2.0
468,796,783,758,25,31,6,No,15.0,19.0,27.0,7,38,22,23,10,2.890000104904175,96,8,317,0-46% free meals,2.0
482,796,745,736,9,27,12,No,11.0,18.0,28.0,5,29,23,37,7,3.119999885559082,95,5,266,0-46% free meals,2.0
489,796,720,678,42,34,8,No,20.0,19.0,24.0,8,34,26,26,6,2.880000114440918,85,7,461,0-46% free meals,3.0
504,796,802,787,15,26,10,No,21.0,19.0,33.0,3,27,21,37,12,3.2899999618530273,91,5,360,0-46% free meals,2.0
488,796,539,424,115,98,12,No,18.0,20.0,24.0,10,75,13,1,0,2.059999942779541,93,7,301,81-100% free meals,1.0
479,796,512,447,65,98,34,No,31.0,19.0,32.0,31,48,11,9,1,2.009999990463257,83,6,269,81-100% free meals,1.0
